Link,Name,Com_name,Experience,Salary,Location,Key_Skills
https://www.naukri.com/job-listings-developer-business-data-cloud-application-data-integration-sap-bengaluru-5-to-9-years-170725022137,Developer - Business Data Cloud - Application Data Integration,SAP,5-9 Yrs,Not Mentioned,Bengaluru,Not Mentioned
https://www.naukri.com/job-listings-it-technology-services-specialist-eos-operations-specialist-smg-sap-india-pvt-ltd-bengaluru-8-to-13-years-250625503713,IT Technology Services Specialist : EOS Operations Specialist - SMG,SAP,8-13 Yrs,Not Mentioned,Bengaluru,Not Mentioned
https://www.naukri.com/job-listings-it-technology-services-senior-specialist-sap-india-pvt-ltd-bengaluru-10-to-15-years-250625503710,IT Technology Services Senior Specialist,SAP,10-15 Yrs,Not Mentioned,Bengaluru,Not Mentioned
https://www.naukri.com/job-listings-it-technology-services-senior-specialist-sap-india-pvt-ltd-bengaluru-10-to-15-years-250625503707,IT Technology Services Senior Specialist,SAP,10-15 Yrs,Not Mentioned,Bengaluru,Not Mentioned
https://www.naukri.com/job-listings-it-technology-services-senior-specialist-sap-india-pvt-ltd-bengaluru-10-to-15-years-250625503706,IT Technology Services Senior Specialist,SAP,10-15 Yrs,Not Mentioned,Bengaluru,Not Mentioned
https://www.naukri.com/job-listings-hana-database-expert-coe-sap-india-pvt-ltd-bengaluru-17-to-22-years-250625503702,HANA Database Expert - COE,SAP,17-22 Yrs,Not Mentioned,Bengaluru,Not Mentioned
https://www.naukri.com/job-listings-developer-abap-fi-sap-india-pvt-ltd-bengaluru-6-to-9-years-250625503693,Developer -ABAP + FI,SAP,6-9 Yrs,Not Mentioned,Bengaluru,Not Mentioned
https://www.naukri.com/job-listings-customer-engagement-manager-sap-basis-sap-india-pvt-ltd-bengaluru-5-to-7-years-250625503690,Customer Engagement Manager (SAP Basis),SAP,5-7 Yrs,Not Mentioned,Bengaluru,Not Mentioned
https://www.naukri.com/job-listings-consultant-sap-s-4-hana-trm-or-fscm-or-gr-or-papm-sap-india-pvt-ltd-bengaluru-4-to-8-years-250625503689,Consultant- SAP S/4 HANA TRM or FSCM or GR or PaPM,SAP,4-8 Yrs,Not Mentioned,Bengaluru,Not Mentioned
https://www.naukri.com/job-listings-architect-sap-ai-core-generative-ai-hub-sap-india-pvt-ltd-bengaluru-10-to-15-years-250625503682,Architect - SAP AI Core/ Generative AI Hub,SAP,10-15 Yrs,Not Mentioned,Bengaluru,Not Mentioned
https://www.naukri.com/job-listings-abap-developer-sap-india-pvt-ltd-bengaluru-7-to-10-years-250625503680,ABAP Developer,SAP,7-10 Yrs,Not Mentioned,Bengaluru,Not Mentioned
https://www.naukri.com/job-listings-user-experience-design-expert-private-cloud-sap-india-pvt-ltd-bengaluru-5-to-10-years-250625502465,User Experience Design Expert - Private Cloud,SAP,5-10 Yrs,Not Mentioned,Bengaluru,Not Mentioned
https://www.naukri.com/job-listings-technical-services-manager-basis-sap-labs-sap-india-pvt-ltd-bengaluru-1-to-19-years-250625502462,Technical Services Manager - BASIS : SAP LABS,SAP,1-19 Yrs,Not Mentioned,Bengaluru,Not Mentioned
https://www.naukri.com/job-listings-senior-ux-user-research-design-specialist-sap-india-pvt-ltd-bengaluru-5-to-8-years-250625502458,Senior UX/ User Research Design Specialist,SAP,5-8 Yrs,Not Mentioned,Bengaluru,Not Mentioned
https://www.naukri.com/job-listings-senior-user-experience-design-specialist-sap-india-pvt-ltd-bengaluru-4-to-6-years-250625502454,Senior User Experience Design Specialist,SAP,4-6 Yrs,Not Mentioned,Bengaluru,Not Mentioned
https://www.naukri.com/job-listings-senior-tax-technologist-indirect-and-withholding-taxes-sap-india-pvt-ltd-bengaluru-4-to-7-years-250625502453,Senior Tax Technologist - Indirect and Withholding Taxes,SAP,4-7 Yrs,Not Mentioned,Bengaluru,Not Mentioned
https://www.naukri.com/job-listings-senior-specialist-basis-hana-rca-ecs-sap-india-pvt-ltd-bengaluru-9-to-15-years-250625502452,Senior Specialist- Basis/HANA | RCA (ECS),SAP,9-15 Yrs,Not Mentioned,Bengaluru,Not Mentioned
https://www.naukri.com/job-listings-sap-oil-gas-downstream-sap-india-pvt-ltd-bengaluru-3-to-4-years-250625502432,SAP Oil & Gas (Downstream),SAP,3-4 Yrs,Not Mentioned,Bengaluru,Not Mentioned
https://www.naukri.com/job-listings-sap-dmlt-consulting-senior-specialist-sap-btp-bdc-sac-datasphere-sap-india-pvt-ltd-bengaluru-6-to-8-years-250625502429,"SAP DMLT Consulting Senior Specialist, SAP BTP, BDC, SAC, Datasphere",SAP,6-8 Yrs,Not Mentioned,Bengaluru,Not Mentioned
https://www.naukri.com/job-listings-s-4-hana-sd-mm-service-management-business-process-consultant-sap-india-pvt-ltd-bengaluru-3-to-4-years-250625502425,S/4 HANA SD/MM & Service Management Business Process Consultant,SAP,3-4 Yrs,Not Mentioned,Bengaluru,Not Mentioned
https://www.naukri.com/job-listings-principal-enterprise-architect-sap-india-pvt-ltd-bengaluru-21-to-24-years-250625502420,Principal Enterprise Architect,SAP,21-24 Yrs,Not Mentioned,Bengaluru,Not Mentioned
https://www.naukri.com/job-listings-cloud-archtect-sap-basis-sap-india-pvt-ltd-bengaluru-5-to-10-years-250625502389,Cloud Archtect - SAP Basis,SAP,5-10 Yrs,Not Mentioned,Bengaluru,Not Mentioned
https://www.naukri.com/job-listings-business-processes-consultant-sap-sac-datasphere-s-4hana-analytics-sap-india-pvt-ltd-bengaluru-5-to-10-years-250625502382,"Business Processes Consultant- SAP SAC, Datasphere, S/4HANA Analytics",SAP,5-10 Yrs,Not Mentioned,Bengaluru,Not Mentioned
https://www.naukri.com/job-listings-business-process-senior-consultant-sap-india-pvt-ltd-bengaluru-4-to-8-years-250625502358,Business Process Senior Consultant,SAP,4-8 Yrs,Not Mentioned,Bengaluru,Not Mentioned
https://www.naukri.com/job-listings-basis-hana-senior-specialist-sap-labs-sap-india-pvt-ltd-bengaluru-8-to-12-years-250625502357,BASIS & HANA - Senior Specialist : SAP LABS,SAP,8-12 Yrs,Not Mentioned,Bengaluru,Not Mentioned
https://www.naukri.com/job-listings-user-assistance-developer-sap-india-pvt-ltd-bengaluru-2-to-5-years-250625502119,User Assistance Developer,SAP,2-5 Yrs,Not Mentioned,Bengaluru,Not Mentioned
https://www.naukri.com/job-listings-customer-engagement-manager-sap-basis-sap-bengaluru-5-to-10-years-190625506689,Customer Engagement Manager (SAP Basis),SAP,5-10 Yrs,Not Mentioned,Bengaluru,Not Mentioned
https://www.naukri.com/job-listings-procedure-owner-basis-security-sap-labs-sap-bengaluru-6-to-11-years-190625506686,Procedure Owner BASIS & Security : SAP LABS,SAP,6-11 Yrs,Not Mentioned,Bengaluru,Not Mentioned
https://www.naukri.com/job-listings-senior-digital-enterprise-architect-sap-bengaluru-12-to-17-years-190625506684,Senior Digital Enterprise Architect,SAP,12-17 Yrs,Not Mentioned,Bengaluru,Not Mentioned
https://www.naukri.com/job-listings-abap-developer-sap-bengaluru-3-to-6-years-190625506282,ABAP Developer,SAP,3-6 Yrs,Not Mentioned,Bengaluru,Not Mentioned
https://www.naukri.com/job-listings-machine-learning-engineer-joule-lead-architect-sap-india-pvt-ltd-bengaluru-15-to-20-years-100725501901,Machine Learning Engineer -Joule Lead Architect,SAP,15-20 Yrs,Not Mentioned,Bengaluru,Not Mentioned
https://www.naukri.com/job-listings-developer-business-data-cloud-application-data-integration-sap-india-pvt-ltd-bengaluru-5-to-10-years-100725501900,Developer - Business Data Cloud - Application Data Integration,SAP,5-10 Yrs,Not Mentioned,Bengaluru,Not Mentioned
https://www.naukri.com/job-listings-developer-abap-cds-odata-bopf-sap-india-pvt-ltd-bengaluru-4-to-8-years-090725503198,"Developer- ABAP, CDS, Odata, BOPF",SAP,4-8 Yrs,Not Mentioned,Bengaluru,Not Mentioned
https://www.naukri.com/job-listings-senior-developer-java-sap-india-pvt-ltd-bengaluru-8-to-13-years-090725502548,Senior Developer-Java,SAP,8-13 Yrs,Not Mentioned,Bengaluru,Not Mentioned
https://www.naukri.com/job-listings-senior-dcsm-btp-solution-area-lead-sap-india-pvt-ltd-bengaluru-16-to-16-years-090725502547,Senior DCSM - BTP Solution Area Lead,SAP,16 Yrs,Not Mentioned,Bengaluru,Not Mentioned
https://www.naukri.com/job-listings-developer-sap-india-pvt-ltd-bengaluru-4-to-7-years-080725502532,Developer,SAP,4-7 Yrs,Not Mentioned,Bengaluru,Not Mentioned
https://www.naukri.com/job-listings-it-business-services-senior-consultant-technical-landscape-owner-sap-india-pvt-ltd-bengaluru-9-to-13-years-080725500984,IT Business Services Senior Consultant/Technical Landscape Owner,SAP,9-13 Yrs,Not Mentioned,Bengaluru,Not Mentioned
https://www.naukri.com/job-listings-business-processes-consultant-sap-enterprise-asset-management-sap-india-pvt-ltd-bengaluru-6-to-10-years-050725500713,Business Processes Consultant - SAP Enterprise Asset Management,SAP,6-10 Yrs,Not Mentioned,Bengaluru,Not Mentioned
https://www.naukri.com/job-listings-it-technology-services-specialist-sap-india-pvt-ltd-bengaluru-5-to-6-years-040725502155,IT Technology Services Specialist,SAP,5-6 Yrs,Not Mentioned,Bengaluru,Not Mentioned
https://www.naukri.com/job-listings-sap-basis-with-hana-and-hyperscalers-sap-india-pvt-ltd-bengaluru-3-to-8-years-040725501407,SAP BASIS with HANA AND Hyperscalers,SAP,3-8 Yrs,Not Mentioned,Bengaluru,Not Mentioned
